model,feature,coef,se,t,p,ci_lo,ci_hi,stars
A1: Naive OLS,const,52.26789927392165,21.062616009031622,2.4815483153426547,0.013081297495976025,10.9859304760229,93.5498680718204,*
A1: Naive OLS,press_strength_z,4.919235022844614,7.865938008931434,0.6253844128009951,0.5317187898553642,-10.497720179285698,20.336190224974928,
A1: Naive OLS,press_cooc_pagerank,-324.4543298108242,616.4179266742226,-0.5263544679197797,0.598641945160924,-1532.6112655171523,883.7026058955039,
A1: Naive OLS,press_net_momentum,-0.3805199397072161,0.417931165350767,-0.9104847191471066,0.36256693687788777,-1.1996499718115736,0.43861009239714144,
A1: Naive OLS,press_avg_sentiment,-0.787938787065241,2.0793059158524745,-0.3789431757290036,0.7047300614053568,-4.863303494977163,3.2874259208466814,
A1: Naive OLS,reddit_avg_pagerank,-16.777227311988998,16.575825957703987,-1.0121503058006835,0.3114661925120563,-49.265249203092964,15.710794579114964,
A1: Naive OLS,reddit_avg_sentiment,5.456405699326188,4.113265458706338,1.3265386720365675,0.18466133445245358,-2.6054464585908583,13.518257857243235,
A1: Naive OLS,made_playoffs,7.079922125750356,1.849000249135108,3.829054176202558,0.00012863668940342113,3.4559482300399567,10.703896021460755,***
A2: Club FE + Year FE,const,27.67220898610624,20.63777781156614,1.3408521614472348,0.17996845677906292,-12.777092245503248,68.12151021771572,
A2: Club FE + Year FE,press_strength_z,-6.361260912556085,7.328324415995174,-0.8680375692254662,0.3853737661015494,-20.72451283493215,8.001991009819982,
A2: Club FE + Year FE,press_cooc_pagerank,298.504314522419,570.9767466863976,0.522795921646121,0.6011162780224675,-820.58954499277,1417.598174037608,
A2: Club FE + Year FE,press_net_momentum,0.21417235324240458,0.3138145148859775,0.6824807110028761,0.4949350355893084,-0.40089279376001996,0.8292375002448291,
A2: Club FE + Year FE,press_avg_sentiment,1.6924697805779276,1.7620503741059776,0.9605115752928723,0.3367978081029124,-1.761085491615117,5.146025052770972,
A2: Club FE + Year FE,reddit_avg_pagerank,7.1762622074993345,10.607358018797465,0.6765362491566862,0.49870023932005014,-13.613777480465838,27.966301895464508,
A2: Club FE + Year FE,reddit_avg_sentiment,5.420443595110882,6.196614710526443,0.8747427181333305,0.3817139110976461,-6.72469806359204,17.565585253813804,
A2: Club FE + Year FE,made_playoffs,6.040047067407215,1.626790085313188,3.7128619862742718,0.00020492865103524703,2.851597089786525,9.228497045027906,***
A2: Club FE + Year FE,club_Austin FC,3.219113200220539,6.941707463802397,0.4637350705149471,0.6428375674425922,-10.38638342004504,16.824609820486117,
A2: Club FE + Year FE,club_CF Montreal,8.89580244492393,5.079232508633327,1.7514068178220752,0.07987585944347012,-1.0593103411024192,18.850915230950278,
A2: Club FE + Year FE,club_Charlotte FC,6.7923521571870005,4.215977820637163,1.6110976969419797,0.10715843026906584,-1.470812530881508,15.055516845255509,
A2: Club FE + Year FE,club_Chicago Fire FC,2.194958910562974,6.149822640604578,0.35691418091810073,0.7211560531086291,-9.85847197633101,14.248389797456959,
A2: Club FE + Year FE,club_Colorado Rapids,0.9744681352822475,6.462737830552884,0.15078255699548967,0.8801472464377537,-11.692265254125928,13.641201524690423,
A2: Club FE + Year FE,club_Columbus Crew,8.953411625093137,6.566719984380326,1.363452628768978,0.17273990427321417,-3.9171230408517275,21.823946291038002,
A2: Club FE + Year FE,club_D.C. United,-9.291711041208398,2.3045923802425845,-4.031824074776442,5.5345611371922305e-05,-13.8086291055293,-4.774792976887495,***
A2: Club FE + Year FE,club_FC Cincinnati,3.398902244010923,6.573536818406172,0.5170583717571731,0.605115411864385,-9.484993171113187,16.282797659135035,
A2: Club FE + Year FE,club_FC Dallas,-4.9140060903645075,7.551727487850888,-0.6507128465996808,0.5152318688144989,-19.715119987613384,9.887107806884371,
A2: Club FE + Year FE,club_Houston Dynamo FC,-3.002869924922397,3.970385213024894,-0.7563170231118753,0.4494591441308896,-10.78468194720158,4.7789420973567855,
A2: Club FE + Year FE,club_Inter Miami CF,7.3705165282525655,6.097517874955049,1.208773254856084,0.22674996933346026,-4.580398901748534,19.321431958253665,
A2: Club FE + Year FE,club_LA Galaxy,5.134292904227383,4.328485143893892,1.1861639196036582,0.23555757180543158,-3.3493820854213183,13.617967893876084,
A2: Club FE + Year FE,club_LAFC,13.740182018306497,4.314564381038201,3.1846047027811966,0.0014495186311756203,5.2837912224922725,22.19657281412072,**
A2: Club FE + Year FE,club_Minnesota United FC,0.3180433331877843,3.575844050917328,0.08894217103964452,0.9291278686946167,-6.69048222094199,7.326568887317559,
A2: Club FE + Year FE,club_Nashville SC,1.7900157637831668,4.415932989124607,0.4053539236649537,0.6852173746485923,-6.865053853043369,10.445085380609703,
A2: Club FE + Year FE,club_New England Revolution,2.5371667708411465,6.440867378287438,0.3939169403478315,0.6936423629145967,-10.086701319801152,15.161034861483445,
A2: Club FE + Year FE,club_New York City FC,2.034838423650255,3.8287689622220094,0.5314602274850623,0.5950998953477553,-5.469410847429682,9.539087694730192,
A2: Club FE + Year FE,club_New York Red Bulls,0.9345852561357653,4.586226808946495,0.20378086280265095,0.8385247483142363,-8.054254114331423,9.923424626602953,
A2: Club FE + Year FE,club_Orlando City SC,3.957702066815969,4.867510215388854,0.8130855184039502,0.41616902872366535,-5.5824426497269855,13.497846783358924,
A2: Club FE + Year FE,club_Philadelphia Union,9.850603743789538,4.642787588588312,2.121700283683389,0.03386291479614935,0.7509072822868816,18.950300205292194,*
A2: Club FE + Year FE,club_Portland Timbers,1.9364530866752467,4.084004893642739,0.4741554276023461,0.6353890754125329,-6.0680494175498545,9.940955590900348,
A2: Club FE + Year FE,club_Real Salt Lake,3.0137903236617447,4.305933254559548,0.6999157082777456,0.4839799468427781,-5.425683775108309,11.453264422431799,
A2: Club FE + Year FE,club_San Jose Earthquakes,-8.078511161246915,4.823732833057279,-1.674742661095258,0.09398473328967742,-17.532853785082544,1.375831462588712,
A2: Club FE + Year FE,club_Seattle Sounders FC,10.37209481549635,4.193378524861189,2.4734458752062434,0.013381707229087698,2.1532239332247194,18.59096569776798,*
A2: Club FE + Year FE,club_Sporting Kansas City,-3.025398634287358,4.196712450180052,-0.7208972904868807,0.4709727100388419,-11.250803890111106,5.2000066215363905,
A2: Club FE + Year FE,club_St. Louis City SC,-24.005989126860243,3.709376775433091,-6.471704164928732,9.690370785037987e-11,-31.276234011798422,-16.735744241922063,***
A2: Club FE + Year FE,club_Toronto FC,-3.830065518444936,4.726211619772066,-0.8103880711608193,0.4177171716370498,-13.093270076512898,5.4331390396230255,
A2: Club FE + Year FE,club_Vancouver Whitecaps FC,1.7481805775753578,4.46359529452487,0.3916530200934007,0.6953146068239385,-7.000305441255842,10.496666596406557,
A2: Club FE + Year FE,yr_2019,-17.443581657684465,2.7820553938475467,-6.270033909554984,3.609694863359771e-10,-22.896310032621052,-11.990853282747878,***
A2: Club FE + Year FE,yr_2020,-0.1666145409298525,2.602716375811671,-0.06401563477230317,0.9489577775943179,-5.267844899493344,4.93461581763364,
A2: Club FE + Year FE,yr_2021,0.9800879191246628,2.2369701644939193,0.4381318690257958,0.6612906935479702,-3.4042930377740594,5.364468876023385,
A2: Club FE + Year FE,yr_2022,0.6832130194284511,2.2071368705202796,0.30954719145596077,0.7569053199971031,-3.642695755741742,5.009121794598644,
A2: Club FE + Year FE,yr_2023,0.8853281092031509,2.246435888419971,0.3941034390373125,0.693504672079913,-3.5176053256782316,5.288261544084533,
A2: Club FE + Year FE,yr_2024,0.0,0.0,,,0.0,0.0,
A3: FE + xPoints + Payroll,const,9.11504141440885,35.58934017022851,0.2561171792118203,0.7978603571970433,-60.63878355278362,78.86886638160132,
A3: FE + xPoints + Payroll,press_strength_z,-7.018438849087115,12.677296299525029,-0.5536226876191314,0.5798370958569626,-31.865483017499074,17.828605319324843,
A3: FE + xPoints + Payroll,press_cooc_pagerank,279.13504918093304,1002.4404142417493,0.27845550240716516,0.7806627186667995,-1685.6120593803082,2243.882157742174,
A3: FE + xPoints + Payroll,press_net_momentum,0.2073791550975448,0.4179043666725027,0.4962359133712061,0.6197279756198246,-0.6116983525625813,1.026456662757671,
A3: FE + xPoints + Payroll,press_avg_sentiment,1.3365954169974914,3.5542439404301733,0.3760561850562576,0.7068751267489186,-5.6295946985153735,8.302785532510356,
A3: FE + xPoints + Payroll,reddit_avg_pagerank,4.3239183861601305,13.810073449322934,0.3130988696060932,0.7542055478805658,-22.743328198365656,31.391164970685917,
A3: FE + xPoints + Payroll,reddit_avg_sentiment,3.0388179568651763,7.450269381691455,0.4078802793806182,0.6833615715724908,-11.563441706371574,17.641077620101925,
A3: FE + xPoints + Payroll,made_playoffs,2.734878117915775,2.2186551332140114,1.2326738288315893,0.21769747981383591,-1.6136060372986032,7.083362273130153,
A3: FE + xPoints + Payroll,xpoints,0.22439212194589508,0.16110731733361602,1.3928114852861144,0.16367680437608956,-0.0913724176738579,0.5401566615656481,
A3: FE + xPoints + Payroll,payroll_m,1.1732844953258916,0.3196305695195872,3.6707518216714,0.0002418380727297244,0.5468200907094748,1.7997488999423084,***
A3: FE + xPoints + Payroll,eastern,-2.1914135316946357,4.394297751310247,-0.4986948212695015,0.6179943934787913,-10.804078861608067,6.421251798218796,
A3: FE + xPoints + Payroll,club_Austin FC,4.220621403300924,5.420902900644219,0.7785827344000842,0.43622555295075605,-6.404153045650456,14.845395852252302,
A3: FE + xPoints + Payroll,club_CF Montreal,15.084464128786784,5.8625247087291035,2.57303207717428,0.010081186373340168,3.5941268412015717,26.574801416371997,*
A3: FE + xPoints + Payroll,club_Charlotte FC,15.066742037710345,5.14987478082595,2.925652113679918,0.0034373508439435705,4.973172942400378,25.16031113302031,**
A3: FE + xPoints + Payroll,club_Chicago Fire FC,-0.12184509667168797,8.09794766941477,-0.01504641690040627,0.9879951492338259,-15.993530877414706,15.74984068407133,
A3: FE + xPoints + Payroll,club_Colorado Rapids,-1.152443049905461,4.329573675033077,-0.2661793369058806,0.7901010959132202,-9.638251521383017,7.333365421572095,
A3: FE + xPoints + Payroll,club_Columbus Crew,13.275587031531721,7.775604927920845,1.7073381627018365,0.08775921674057752,-1.964318585205298,28.51549264826874,
A3: FE + xPoints + Payroll,club_D.C. United,-5.6015510955718995,2.9802134269178255,-1.8795805176158455,0.06016527052071433,-11.44266207857353,0.23955988742973133,
A3: FE + xPoints + Payroll,club_FC Cincinnati,11.341032472550436,6.2738612471297515,1.8076638972114472,0.07065882679730756,-0.9555096158254237,23.637574560926296,
A3: FE + xPoints + Payroll,club_FC Dallas,-2.9417926875564593,6.7703882157195885,-0.43450871557500365,0.6639190671993787,-16.211509751721252,10.327924376608332,
A3: FE + xPoints + Payroll,club_Houston Dynamo FC,-0.2930339873049874,3.631655596362886,-0.08068881520551173,0.9356894319848701,-7.410948160429576,6.824880185819601,
A3: FE + xPoints + Payroll,club_Inter Miami CF,2.6875807690589593,6.524810894472844,0.41190171064353825,0.6804114669125809,-10.10081359004239,15.475975128160309,
A3: FE + xPoints + Payroll,club_LA Galaxy,-1.8433540191273394,3.1594191453505096,-0.5834471256655108,0.5595923413974431,-8.035701756080655,4.348993717825977,
A3: FE + xPoints + Payroll,club_LAFC,11.227318478353045,5.737055110405427,1.956982853099982,0.05034948436194014,-0.01710291536305597,22.471739872069143,
A3: FE + xPoints + Payroll,club_Minnesota United FC,1.6809445693310598,3.9536265005963513,0.42516524236103537,0.6707162199763395,-6.068020980160916,9.429910118823035,
A3: FE + xPoints + Payroll,club_Nashville SC,4.36434150143045,4.993659845980859,0.8739765294472519,0.38213103559482164,-5.423051947735867,14.151734950596765,
A3: FE + xPoints + Payroll,club_New England Revolution,-1.4507249154539892,5.5761298975685145,-0.2601669871583482,0.7947349680535641,-12.379738687805299,9.47828885689732,
A3: FE + xPoints + Payroll,club_New York City FC,2.910624422142791,4.442524604749365,0.6551735063056562,0.5123560499758386,-5.796563803599003,11.617812647884584,
A3: FE + xPoints + Payroll,club_New York Red Bulls,7.757961057327629,5.358719935400939,1.4477265374659254,0.14769354512348812,-2.7449370192950155,18.260859133950273,
A3: FE + xPoints + Payroll,club_Orlando City SC,11.632403436488183,4.440787655973483,2.6194459941900097,0.008807271693095491,2.9286195677901077,20.336187305186257,**
A3: FE + xPoints + Payroll,club_Philadelphia Union,19.91462430924842,6.60213725769248,3.016390531118525,0.002558035644079074,6.974673063181122,32.85457555531572,**
A3: FE + xPoints + Payroll,club_Portland Timbers,1.7404724501443658,2.9206506905805956,0.5959194147241132,0.5512290626229714,-3.9838977148156385,7.46484261510437,
A3: FE + xPoints + Payroll,club_Real Salt Lake,6.378757064649127,3.2359484846734907,1.9712171237771567,0.048699046085089646,0.036414578862122404,12.721099550436133,*
A3: FE + xPoints + Payroll,club_San Jose Earthquakes,-8.508247636524505,3.6443573343643885,-2.3346359470011815,0.019562447007051002,-15.651056758673102,-1.3654385143759082,*
A3: FE + xPoints + Payroll,club_Seattle Sounders FC,13.012160284088264,4.398626504726963,2.9582325914930054,0.0030940856455421465,4.391010753380115,21.633309814796412,**
A3: FE + xPoints + Payroll,club_Sporting Kansas City,-3.539615212350256,3.9360062291099647,-0.8992910595953647,0.3684976482171278,-11.254045664331095,4.1748152396305835,
A3: FE + xPoints + Payroll,club_St. Louis City SC,-14.761803548370143,4.3873836035211955,-3.3646028891849618,0.0007665389795245614,-23.360917397633244,-6.162689699107039,***
A3: FE + xPoints + Payroll,club_Toronto FC,-13.652623579093763,6.860566340242437,-1.990014074932961,0.046589385058420134,-27.099086519516707,-0.2061606386708199,*
A3: FE + xPoints + Payroll,club_Vancouver Whitecaps FC,6.086470837338807,4.6539687576191255,1.307802255306183,0.1909403890714283,-3.0351403127693004,15.208081987446914,
A3: FE + xPoints + Payroll,yr_2019,-19.889268205030476,2.84091085815798,-7.001018053036163,2.541091946742005e-12,-25.457351170308893,-14.321185239752058,***
A3: FE + xPoints + Payroll,yr_2020,2.349171219459112e-17,4.889501662784211e-16,0.04804520749710579,0.9616802138127406,-9.34833003945985e-16,9.818164283351673e-16,
A3: FE + xPoints + Payroll,yr_2021,-3.387812495252957,2.709820999533593,-1.25019788976322,0.21122726750567977,-8.69896405888913,1.9233390683832159,
A3: FE + xPoints + Payroll,yr_2022,-8.265045014368887,3.8025503977872783,-2.1735530498631537,0.029738717648022713,-15.71790684343041,-0.812183185307366,*
A3: FE + xPoints + Payroll,yr_2023,-7.929381918523205,3.8074112549720733,-2.0826176600093507,0.03728608818072691,-15.391770852600917,-0.46699298444549253,*
A3: FE + xPoints + Payroll,yr_2024,0.0,0.0,,,0.0,0.0,
