model,feature,coef,se,z,p,stars,marginal_effect
B1: Naive Logit,const,9.059811612021779,5.018828974634086,1.8051644433016993,0.0710489531664563,,
B1: Naive Logit,press_strength_z,4.259090658507028,1.9154663690081233,2.2235267230050573,0.026180303493836002,*,0.8855369976811441
B1: Naive Logit,press_cooc_pagerank,-258.35749198696476,143.9371186016341,-1.7949330547737647,0.0726643666818319,,-53.71689314140235
B1: Naive Logit,press_net_momentum,-0.08247331484050659,0.08950973522306731,-0.9213893286017968,0.35684719819748867,,-0.01714759733202646
B1: Naive Logit,press_avg_sentiment,-0.0745068487356328,0.5101329555403015,-0.14605378446236575,0.8838789297482962,,-0.015491234262471282
B1: Naive Logit,reddit_avg_pagerank,0.6728987336752339,2.545591467027242,0.2643388549935113,0.7915188227480362,,0.1399070299600262
B1: Naive Logit,reddit_avg_sentiment,1.0271579058051752,1.0001373262974258,1.0270168693811093,0.30441252072742053,,0.21356350474352445
B2: Logit + Year FE,const,14.246200372410955,5.968635018572485,2.386843948085506,0.01699370293667974,*,
B2: Logit + Year FE,press_strength_z,5.753395189695195,2.218116256901956,2.5938203968312123,0.009491605556206003,**,1.1242189757698506
B2: Logit + Year FE,press_cooc_pagerank,-369.82057308512833,166.90563035192366,-2.2157465407569217,0.02670886554295093,*,-72.26329709404307
B2: Logit + Year FE,press_net_momentum,-0.08546975468645034,0.091369586152653,-0.9354289352219928,0.34956729085048244,,-0.01670087259867023
B2: Logit + Year FE,press_avg_sentiment,-0.26013075886412185,0.534227522580463,-0.4869287857121627,0.6263087987194903,,-0.05082980147448383
B2: Logit + Year FE,reddit_avg_pagerank,0.5117721726542255,2.747157754893327,0.18629151228852445,0.8522161631727946,,0.10000077672386097
B2: Logit + Year FE,reddit_avg_sentiment,1.0457941158353024,1.0371537035858438,1.0083308888736406,0.3132956389015493,,0.20434918009391714
B2: Logit + Year FE,yr_2019,-0.5470123167685433,0.8079324545688494,-0.6770520402729145,0.49837293664511717,,-0.10688673491306008
B2: Logit + Year FE,yr_2020,-1.4491613613993073,0.7460764450862494,-1.9423765097312227,0.05209153688663557,,-0.2831675293843119
B2: Logit + Year FE,yr_2021,-1.6093312078786008,0.7949761559782668,-2.0243767008310085,0.04293140717176839,*,-0.3144648720526339
B2: Logit + Year FE,yr_2022,-1.8983676168552108,0.7999387016673304,-2.373141358079563,0.017637512368438094,*,-0.37094286547152416
B2: Logit + Year FE,yr_2023,-1.3602930031463663,0.7784225031077481,-1.747499587583321,0.08055071638301772,,-0.2658025663669246
B2: Logit + Year FE,yr_2024,-0.7088322302890951,0.8253694764857127,-0.8588059656715027,0.39044757570046773,,-0.13850650227461309
B3: Logit + xPoints + Year FE,const,6.367125704287684,6.752975884456844,0.9428622007880612,0.3457513912243738,,
B3: Logit + xPoints + Year FE,press_strength_z,4.816688787725427,2.435021766346823,1.9780885962887036,0.047918712817883416,*,0.8238209538586578
B3: Logit + xPoints + Year FE,press_cooc_pagerank,-311.05373027752347,182.69974703548667,-1.7025405635460786,0.08865408119209314,,-53.20098351206385
B3: Logit + xPoints + Year FE,press_net_momentum,-0.10877587549652465,0.09669099839921368,-1.1249845104237672,0.2605955980897203,,-0.018604449956725305
B3: Logit + xPoints + Year FE,press_avg_sentiment,-0.40723253852010227,0.5835474241545058,-0.6978568007735381,0.48526675269334785,,-0.06965089776629303
B3: Logit + xPoints + Year FE,reddit_avg_pagerank,1.368146180638768,2.9368053751393766,0.46586205276672027,0.6413142448886062,,0.2340004806671683
B3: Logit + xPoints + Year FE,reddit_avg_sentiment,0.5332184065590372,1.099263021734102,0.48506899260367925,0.6276274063133152,,0.09119885374904997
B3: Logit + xPoints + Year FE,xpoints,0.13201934959445644,0.031995230742032914,4.12621964376145,3.687750780336367e-05,***,0.022579890730715958
B3: Logit + xPoints + Year FE,eastern,-0.2504931209165515,0.3878111781451971,-0.6459151644741052,0.5183342981998789,,-0.042843017455141706
B3: Logit + xPoints + Year FE,yr_2019,-0.7297680021586573,0.9022988478695059,-0.808787469785398,0.41863740484863454,,-0.12481565617565567
B3: Logit + xPoints + Year FE,yr_2020,0.48064802145230656,0.9226094203547601,0.5209658722837326,0.6023905457101264,,0.08220749335356237
B3: Logit + xPoints + Year FE,yr_2021,-1.6280067423523088,0.8879879705781968,-1.833365762029707,0.06674819568458176,,-0.2784456556111344
B3: Logit + xPoints + Year FE,yr_2022,-1.899489995348173,0.887215456458435,-2.14095683469099,0.032277519171451115,*,-0.3248787141491179
B3: Logit + xPoints + Year FE,yr_2023,-1.358705581160491,0.864643371492484,-1.5714057679239395,0.11608842706540203,,-0.23238581050475068
B3: Logit + xPoints + Year FE,yr_2024,-0.7468466149448268,0.9180473963401744,-0.8135164022273306,0.4159220461156742,,-0.12773669170361823
