entity,avg_press_rank,avg_reddit_rank,avg_rank_gap,avg_points,avg_valuation,avg_attendance,n_years,quadrant
Atlanta United FC,13.333333333333334,18.833333333333332,5.5,47.714285714285715,542.8571428571429,42102.57142857143,7,Institutional Legacy
Austin FC,26.25,13.5,-12.75,46.75,336.25,19213.0,4,Grassroots Underdogs
CF Montreal,3.1666666666666665,18.166666666666668,15.0,45.285714285714285,247.85714285714286,12497.42857142857,7,Institutional Legacy
Charlotte FC,22.666666666666668,21.333333333333332,-1.3333333333333333,50.0,320.0,33694.333333333336,3,Low Profile
Chicago Fire FC,14.6,18.8,4.2,38.42857142857143,361.42857142857144,13184.285714285714,7,Institutional Legacy
Colorado Rapids,18.142857142857142,15.571428571428571,-2.5714285714285716,43.714285714285715,284.2857142857143,11896.0,7,Low Profile
Columbus Crew,8.857142857142858,8.428571428571429,-0.42857142857142855,51.142857142857146,345.7142857142857,15209.857142857143,7,Consensus Stars
D.C. United,17.714285714285715,13.714285714285714,-4.0,36.42857142857143,366.42857142857144,14706.57142857143,7,Low Profile
FC Cincinnati,16.666666666666668,18.666666666666668,2.0,40.0,,20267.0,6,Low Profile
FC Dallas,16.142857142857142,11.857142857142858,-4.285714285714286,37.57142857142857,251.42857142857142,14248.57142857143,7,Grassroots Underdogs
Houston Dynamo FC,19.428571428571427,12.0,-7.428571428571429,40.857142857142854,250.71428571428572,13687.714285714286,7,Grassroots Underdogs
Inter Miami CF,8.2,10.6,2.4,42.8,574.0,12686.2,5,Consensus Stars
LA Galaxy,5.0,13.714285714285714,8.714285714285714,44.57142857142857,633.5714285714286,19602.571428571428,7,Institutional Legacy
LAFC,7.714285714285714,7.0,-0.7142857142857143,56.57142857142857,615.0,18567.428571428572,7,Consensus Stars
Minnesota United FC,21.285714285714285,17.571428571428573,-3.7142857142857144,42.857142857142854,262.85714285714283,15750.142857142857,7,Low Profile
Nashville SC,12.8,14.6,1.8,46.2,362.0,21932.0,5,Institutional Legacy
New England Revolution,18.5,16.833333333333332,-1.6666666666666667,46.0,347.14285714285717,17597.285714285714,7,Low Profile
New York City FC,11.285714285714286,13.0,1.7142857142857142,45.57142857142857,522.1428571428571,14608.714285714286,7,Consensus Stars
New York Red Bulls,13.714285714285714,17.857142857142858,4.142857142857143,47.714285714285715,441.42857142857144,13759.57142857143,7,Institutional Legacy
Orlando City SC,12.166666666666666,13.5,1.3333333333333333,44.42857142857143,287.14285714285717,16982.14285714286,7,Consensus Stars
Philadelphia Union,6.833333333333333,11.833333333333334,5.0,52.42857142857143,342.14285714285717,14449.142857142857,7,Consensus Stars
Portland Timbers,12.428571428571429,12.428571428571429,0.0,43.42857142857143,405.7142857142857,19292.0,7,Consensus Stars
Real Salt Lake,16.285714285714285,11.714285714285714,-4.571428571428571,45.285714285714285,237.14285714285714,16324.0,7,Grassroots Underdogs
San Jose Earthquakes,25.571428571428573,16.714285714285715,-8.857142857142858,32.857142857142854,253.57142857142858,14409.42857142857,7,Low Profile
Seattle Sounders FC,3.857142857142857,5.285714285714286,1.4285714285714286,51.57142857142857,558.5714285714286,29236.714285714286,7,Consensus Stars
Sporting Kansas City,20.714285714285715,12.0,-8.714285714285714,43.42857142857143,330.7142857142857,16299.0,7,Grassroots Underdogs
St. Louis City SC,22.0,28.0,6.0,40.0,222.5,21779.5,2,Low Profile
Toronto FC,6.0,8.0,2.0,37.142857142857146,533.5714285714286,19224.0,7,Consensus Stars
Vancouver Whitecaps FC,14.857142857142858,12.428571428571429,-2.4285714285714284,42.57142857142857,241.42857142857142,15104.0,7,Grassroots Underdogs
