brand,press_mentions,press_sentiment,reddit_mentions,reddit_sentiment,total_mentions,reddit_share,sentiment_gap,resonance_score,category
EA Sports,810.0,0.47726148148148145,108.0,0.20896574074074076,918.0,0.11764705882340126,0.2682957407407407,295.7701810527897,"High reach, high resonance"
Target,737.0,0.5000667571234735,43.0,0.3686511627906977,780.0,0.055128205128134454,0.13141559433277578,178.0196618354276,"High reach, high resonance"
Apple,326.0,0.5246855828220859,38.0,0.2598078947368421,364.0,0.1043956043953176,0.26487768808524376,111.30139262381222,"High reach, high resonance"
Audi,281.0,0.5595245551601424,40.0,0.49854750000000003,321.0,0.12461059189992334,0.0609770551601424,106.01886624558857,"High reach, high resonance"
BMO,292.0,0.567252397260274,21.0,0.26768571428571425,313.0,0.06709265175697415,0.29956668297455974,78.30708780180757,"High reach, high resonance"
Red Bull,214.0,0.505670093457944,53.0,0.4025660377358491,267.0,0.19850187265843258,0.10310405572209491,106.49882628461216,"High reach, high resonance"
Adidas,111.0,0.6202963963963964,27.0,0.29255185185185184,138.0,0.19565217391162573,0.3277445445445446,54.74486277268398,"High reach, high resonance"
Etihad Airways,105.0,0.5461304761904762,4.0,0.27675000000000005,109.0,0.036697247706085345,0.2693804761904761,20.493901531919196,Press-only (low fan resonance)
Adidas MLS,62.0,0.6304048387096773,0.0,0.0,62.0,0.0,0.6304048387096773,0.0,Press-only (low fan resonance)
Bank of America,57.0,0.4963789473684211,3.0,0.6279333333333333,60.0,0.04999999999916667,-0.13155438596491226,13.076696830622021,Press-only (low fan resonance)
Subaru,37.0,0.5537405405405404,13.0,0.41841538461538463,50.0,0.2599999999948,0.13532515592515582,21.93171219946131,"High reach, high resonance"
Nike,44.0,0.5092636363636364,6.0,-0.1007,50.0,0.11999999999760001,0.6099636363636364,16.24807680927192,"High reach, high resonance"
AT&T,37.0,0.6372594594594595,1.0,-0.4717,38.0,0.026315789472991694,1.1089594594594594,6.082762530298219,Press-only (low fan resonance)
Geodis,20.0,0.55064,15.0,0.23177333333333333,35.0,0.42857142855918373,0.3188666666666667,17.320508075688775,"High reach, high resonance"
PayPal,21.0,0.7595238095238095,10.0,0.59358,31.0,0.32258064515088447,0.1659438095238095,14.491376746189438,"High reach, high resonance"
Heineken,20.0,0.650325,3.0,0.04906666666666667,23.0,0.13043478260302457,0.6012583333333333,7.745966692414834,Press-only (low fan resonance)
Allstate,8.0,0.6560875,5.0,0.19252,13.0,0.3846153845857988,0.4635675,6.324555320336759,Fan-organic (low press coverage)
Gatorade,9.0,0.42564444444444444,2.0,0.0129,11.0,0.18181818180165288,0.4127444444444444,4.242640687119285,Low presence
Wells Fargo,9.0,0.6575000000000001,0.0,0.0,9.0,0.0,0.6575000000000001,0.0,Low presence
BetMGM,9.0,0.8260666666666666,0.0,0.0,9.0,0.0,0.8260666666666666,0.0,Low presence
Herbalife,3.0,0.8877,5.0,0.34392,8.0,0.624999999921875,0.54378,3.872983346207417,Fan-organic (low press coverage)
Zulily,5.0,0.19705999999999999,1.0,0.6808,6.0,0.16666666663888888,-0.48373999999999995,2.23606797749979,Low presence
Puma,4.0,0.247875,1.0,0.0,5.0,0.19999999996,0.247875,2.0,Low presence
Yeti,3.0,0.2098,2.0,0.47335,5.0,0.39999999992,-0.26355,2.449489742783178,Low presence
Blue Cross Blue Shield,5.0,0.39618000000000003,0.0,0.0,5.0,0.0,0.39618000000000003,0.0,Low presence
MasterCard,3.0,0.7977333333333334,1.0,0.0,4.0,0.2499999999375,0.7977333333333334,1.7320508075688772,Low presence
Alaska Airlines,3.0,0.6289666666666667,1.0,0.0,4.0,0.2499999999375,0.6289666666666667,1.7320508075688772,Low presence
Guaranteed Rate,2.0,0.0037000000000000366,0.0,0.0,2.0,0.0,0.0037000000000000366,0.0,Low presence
Acura,1.0,0.867,0.0,0.0,1.0,0.0,0.867,0.0,Low presence
Motorola,1.0,0.2732,0.0,0.0,1.0,0.0,0.2732,0.0,Low presence
Leidos,0.0,0.0,1.0,0.8481,1.0,0.9999999989999999,-0.8481,0.0,Low presence
