entity,year,press_pagerank,press_degree,press_rank,reddit_pagerank,reddit_degree,reddit_rank,rank_gap
New York Red Bulls,2018,0.047455,25,6,0.04626,3,10,4
Austin FC,2018,0.019549,17,27,0.044225,2,12,-15
Columbus Crew,2018,0.056096,26,2,0.039229,2,15,13
New York City FC,2018,0.03441,26,17,0.040066,2,14,-3
Portland Timbers,2018,0.050041,26,4,0.050029,3,7,3
Sporting Kansas City,2018,0.032156,23,20,0.021995,1,20,0
FC Cincinnati,2018,0.021923,17,24,0.03594,2,17,-7
Nashville SC,2018,0.020499,17,25,0.042087,2,13,-12
Real Salt Lake,2018,0.020023,21,26,0.059108,5,5,-21
Minnesota United FC,2018,0.032568,24,19,0.060567,3,4,-15
LA Galaxy,2018,0.059933,24,1,0.081306,7,2,1
LAFC,2018,0.040894,25,9,0.047051,4,9,0
Atlanta United FC,2018,0.044433,25,7,0.018968,1,21,14
FC Dallas,2018,0.035953,24,14,0.026809,2,19,5
Colorado Rapids,2018,0.034946,25,16,0.053147,3,6,-10
Toronto FC,2018,0.048603,25,5,0.047972,4,8,3
D.C. United,2018,0.038556,24,10,0.036063,2,16,6
Seattle Sounders FC,2018,0.05375,24,3,0.073635,4,3,0
Vancouver Whitecaps FC,2018,0.03587,26,15,0.018259,1,22,7
New England Revolution,2018,0.024726,21,22,0.04501,3,11,-11
Houston Dynamo FC,2018,0.037878,25,11,0.083319,6,1,-10
San Jose Earthquakes,2018,0.022542,21,23,0.028953,2,18,-5
Austin FC,2019,0.027455,24,23,0.016642,1,22,-1
Columbus Crew,2019,0.036142,26,11,0.062599,5,3,-8
FC Cincinnati,2019,0.034056,27,13,0.040498,3,12,-1
Inter Miami CF,2019,0.03242,24,15,0.028507,1,17,2
CF Montreal,2019,0.050585,26,4,0.054239,4,7,3
FC Dallas,2019,0.044065,27,8,0.047961,4,9,1
Houston Dynamo FC,2019,0.024136,25,25,0.02348,1,21,-4
LA Galaxy,2019,0.053133,26,3,0.032503,2,15,12
Philadelphia Union,2019,0.036626,26,9,0.025712,2,19,10
Seattle Sounders FC,2019,0.067672,27,1,0.060839,4,4,3
Toronto FC,2019,0.056236,27,2,0.058018,4,5,3
Orlando City SC,2019,0.030669,27,17,0.039715,2,13,-4
Atlanta United FC,2019,0.047734,27,5,0.055801,5,6,1
New York Red Bulls,2019,0.024679,24,24,0.016192,1,24,0
Vancouver Whitecaps FC,2019,0.033197,25,14,0.026069,2,18,4
Colorado Rapids,2019,0.029859,26,20,0.052867,4,8,-12
New York City FC,2019,0.030207,24,18,0.014967,1,25,7
Chicago Fire FC,2019,0.036166,24,10,0.04648,4,10,0
D.C. United,2019,0.031858,26,16,0.016642,1,22,6
Minnesota United FC,2019,0.029151,26,22,0.08226,6,1,-21
Real Salt Lake,2019,0.034217,26,12,0.023862,1,20,8
Portland Timbers,2019,0.04578,26,7,0.032409,2,16,9
San Jose Earthquakes,2019,0.020998,23,27,0.064073,5,2,-25
LAFC,2019,0.047262,26,6,0.042644,3,11,5
Sporting Kansas City,2019,0.022417,24,26,0.035022,2,14,-12
Colorado Rapids,2020,0.032475,24,14,0.034211,5,15,1
Houston Dynamo FC,2020,0.024478,22,20,0.023936,4,22,2
Atlanta United FC,2020,0.031462,23,16,0.018698,3,24,8
FC Dallas,2020,0.037459,24,11,0.044693,8,7,-4
Seattle Sounders FC,2020,0.049476,25,7,0.061009,8,3,-4
CF Montreal,2020,0.060705,27,2,0.026278,5,21,19
Nashville SC,2020,0.050754,25,5,0.044638,8,8,3
Philadelphia Union,2020,0.036142,25,13,0.032784,6,16,3
Austin FC,2020,0.017485,15,27,0.010249,1,27,0
LAFC,2020,0.054659,25,4,0.036998,6,13,9
Orlando City SC,2020,0.06838,27,1,0.046878,8,6,5
Vancouver Whitecaps FC,2020,0.050088,24,6,0.063395,11,2,-4
Real Salt Lake,2020,0.03725,22,12,0.039563,6,10,-2
Inter Miami CF,2020,0.041884,26,10,0.038979,6,11,1
Portland Timbers,2020,0.043044,26,9,0.063427,10,1,-8
LA Galaxy,2020,0.045497,26,8,0.017774,2,25,17
New England Revolution,2020,0.018303,20,25,0.032143,5,17,-8
Toronto FC,2020,0.060138,25,3,0.060861,9,4,1
Chicago Fire FC,2020,0.01771,20,26,0.022941,3,23,-3
Sporting Kansas City,2020,0.022901,21,22,0.059421,8,5,-17
New York City FC,2020,0.030072,25,18,0.038649,5,12,-6
Minnesota United FC,2020,0.030941,24,17,0.028413,5,19,2
FC Cincinnati,2020,0.022681,21,23,0.016882,2,26,3
D.C. United,2020,0.028217,24,19,0.030032,5,18,-1
Columbus Crew,2020,0.031793,27,15,0.036006,7,14,-1
New York Red Bulls,2020,0.020278,20,24,0.043636,7,9,-15
San Jose Earthquakes,2020,0.023157,20,21,0.027506,5,20,-1
Austin FC,2021,0.027158,23,24,0.043364,6,10,-14
CF Montreal,2021,0.044973,27,6,0.014288,2,28,22
Portland Timbers,2021,0.042369,26,7,0.055893,9,3,-4
Vancouver Whitecaps FC,2021,0.029884,24,21,0.048755,9,6,-15
Philadelphia Union,2021,0.050915,25,2,0.044443,7,9,7
Toronto FC,2021,0.038724,23,10,0.050738,9,5,-5
Columbus Crew,2021,0.036139,26,11,0.046331,8,8,-3
FC Cincinnati,2021,0.028827,26,23,0.034573,4,14,-9
Houston Dynamo FC,2021,0.031007,26,18,0.027447,4,19,1
San Jose Earthquakes,2021,0.023666,22,26,0.017419,3,24,-2
Orlando City SC,2021,0.048121,26,4,0.025234,4,20,16
Sporting Kansas City,2021,0.035843,25,12,0.058519,9,2,-10
Chicago Fire FC,2021,0.032564,24,15,0.02277,2,22,7
New York Red Bulls,2021,0.034769,24,13,0.033,6,15,2
Colorado Rapids,2021,0.034418,25,14,0.019584,3,23,9
Minnesota United FC,2021,0.024997,21,25,0.014733,2,26,1
LA Galaxy,2021,0.04145,27,8,0.023228,4,21,13
Seattle Sounders FC,2021,0.061959,27,1,0.072039,10,1,0
New England Revolution,2021,0.047254,27,5,0.032148,6,17,12
Real Salt Lake,2021,0.039487,27,9,0.04119,6,11,2
Inter Miami CF,2021,0.029937,21,20,0.014655,2,27,7
Nashville SC,2021,0.030912,25,19,0.040744,6,12,-7
Atlanta United FC,2021,0.031315,25,16,0.031217,4,18,2
D.C. United,2021,0.03117,24,17,0.038072,6,13,-4
New York City FC,2021,0.049476,26,3,0.047582,7,7,4
FC Dallas,2021,0.023409,23,27,0.0328,6,16,-11
LAFC,2021,0.029364,25,22,0.054199,9,4,-18
St. Louis City SC,2021,0.005737,1,29,0.015036,1,25,-4
FC Dallas,2022,0.034769,26,12,0.051618,8,5,-7
LA Galaxy,2022,0.053019,27,3,0.029133,3,16,13
New England Revolution,2022,0.026355,25,25,0.026625,5,19,-6
Portland Timbers,2022,0.039024,28,10,0.02587,4,20,10
Orlando City SC,2022,0.028185,25,19,0.050317,7,6,-13
Philadelphia Union,2022,0.058492,28,2,0.073495,11,2,0
Real Salt Lake,2022,0.033656,25,13,0.075835,12,1,-12
Sporting Kansas City,2022,0.028243,23,18,0.044852,6,10,-8
Nashville SC,2022,0.032893,27,15,0.010229,1,26,11
Seattle Sounders FC,2022,0.044471,27,6,0.049482,8,7,1
LAFC,2022,0.052616,26,4,0.048882,7,8,4
New York City FC,2022,0.044871,28,5,0.018617,2,22,17
San Jose Earthquakes,2022,0.018503,23,28,0.027288,5,18,-10
Columbus Crew,2022,0.033388,26,14,0.064763,10,3,-11
D.C. United,2022,0.031615,25,16,0.031214,5,15,-1
Austin FC,2022,0.026859,26,24,0.022149,2,21,-3
CF Montreal,2022,0.062768,27,1,0.010001,1,27,26
Inter Miami CF,2022,0.039933,25,9,0.046322,8,9,0
Toronto FC,2022,0.042574,25,7,0.038264,5,13,6
Vancouver Whitecaps FC,2022,0.030103,27,17,0.03359,5,14,-3
Houston Dynamo FC,2022,0.01942,23,27,0.060561,9,4,-23
Charlotte FC,2022,0.026991,26,23,0.028746,5,17,-6
Colorado Rapids,2022,0.027182,26,21,0.040807,6,12,-9
New York Red Bulls,2022,0.037581,27,11,0.044209,7,11,0
Chicago Fire FC,2022,0.040953,27,8,0.016252,2,24,16
FC Cincinnati,2022,0.027159,26,22,0.014415,2,25,3
Minnesota United FC,2022,0.022785,24,26,0.016463,2,23,-3
Atlanta United FC,2023,0.03005,25,16,0.015388,2,25,9
Charlotte FC,2023,0.027317,26,19,0.019,2,21,2
Inter Miami CF,2023,0.07308,28,1,0.066684,9,2,1
CF Montreal,2023,0.051104,26,3,0.026723,4,16,13
Chicago Fire FC,2023,0.033489,28,14,0.028618,4,15,1
Columbus Crew,2023,0.045017,28,7,0.047172,6,8,1
LA Galaxy,2023,0.04524,28,6,0.055855,6,5,-1
LAFC,2023,0.063927,28,2,0.075482,9,1,-1
Toronto FC,2023,0.037972,27,11,0.03421,5,14,3
Colorado Rapids,2023,0.0224,25,24,0.018532,1,23,-1
Minnesota United FC,2023,0.021315,27,26,0.014685,2,27,1
Vancouver Whitecaps FC,2023,0.028192,27,18,0.037076,5,12,-6
Austin FC,2023,0.018508,26,29,0.052185,8,7,-22
New York City FC,2023,0.037983,28,10,0.045587,7,9,-1
Portland Timbers,2023,0.018766,20,28,0.018868,2,22,-6
Seattle Sounders FC,2023,0.04576,28,4,0.035533,4,13,9
Houston Dynamo FC,2023,0.034745,26,12,0.064137,9,3,-9
Sporting Kansas City,2023,0.023167,26,23,0.02557,4,18,-5
New England Revolution,2023,0.033262,28,15,0.026489,3,17,2
Real Salt Lake,2023,0.022007,25,25,0.044022,6,10,-15
Orlando City SC,2023,0.029924,27,17,0.022134,2,19,2
Philadelphia Union,2023,0.045243,28,5,0.019752,2,20,15
D.C. United,2023,0.025233,24,21,0.037899,6,11,-10
FC Cincinnati,2023,0.043531,26,8,0.015196,1,26,18
New York Red Bulls,2023,0.038758,28,9,0.011254,1,29,20
San Jose Earthquakes,2023,0.019524,26,27,0.016726,2,24,-3
Nashville SC,2023,0.034205,26,13,0.05347,7,6,-7
FC Dallas,2023,0.026868,27,20,0.05763,5,4,-16
St. Louis City SC,2023,0.023414,26,22,0.014119,2,28,6
CF Montreal,2024,0.052647,28,3,0.040044,4,10,7
Inter Miami CF,2024,0.066252,28,1,0.062592,7,4,3
Philadelphia Union,2024,0.037065,28,10,0.055176,7,5,-5
Real Salt Lake,2024,0.029652,28,17,0.020753,2,25,8
Atlanta United FC,2024,0.026898,24,20,0.026065,3,19,-1
Columbus Crew,2024,0.055586,28,2,0.04486,5,8,6
LAFC,2024,0.04886,28,7,0.069966,6,3,-4
Nashville SC,2024,0.03418,28,12,0.022787,2,21,9
New York City FC,2024,0.044492,28,8,0.079648,8,2,-6
Toronto FC,2024,0.052218,28,4,0.044942,5,7,3
New England Revolution,2024,0.027871,26,19,0.025462,3,20,1
D.C. United,2024,0.022058,24,25,0.081094,9,1,-24
FC Dallas,2024,0.025474,28,21,0.021079,2,23,2
LA Galaxy,2024,0.050819,28,6,0.033318,2,12,6
Austin FC,2024,0.016498,25,28,0.028606,3,16,-12
Minnesota United FC,2024,0.032972,27,14,0.021079,2,23,9
Seattle Sounders FC,2024,0.051748,28,5,0.049898,5,6,1
Houston Dynamo FC,2024,0.023492,26,23,0.029896,3,14,-9
FC Cincinnati,2024,0.034457,26,11,0.043464,5,9,-2
Charlotte FC,2024,0.02081,22,26,0.012944,1,26,0
Orlando City SC,2024,0.03247,27,15,0.028203,3,17,2
Sporting Kansas City,2024,0.022968,26,24,0.029256,2,15,-9
New York Red Bulls,2024,0.037225,26,9,0.01212,1,27,18
San Jose Earthquakes,2024,0.020385,24,27,0.035652,4,11,-16
Vancouver Whitecaps FC,2024,0.033082,28,13,0.031557,4,13,0
Colorado Rapids,2024,0.029329,25,18,0.021764,2,22,4
Portland Timbers,2024,0.025453,27,22,0.027775,2,18,-4
