club,year,press_sent,reddit_sent,sentiment_gap
Atlanta United FC,2018,0.5921412213740458,0.5676476190476191,-0.024493602326426722
Atlanta United FC,2019,0.5922853107344633,0.5263342105263158,-0.06595110020814754
Atlanta United FC,2020,0.6423871794871795,0.67985,0.03746282051282046
Atlanta United FC,2021,0.5512256097560976,0.6653903225806451,0.11416471282454754
Atlanta United FC,2022,0.5419969387755101,0.6491681818181818,0.10717124304267167
Atlanta United FC,2023,0.4303737704918033,0.7472590909090908,0.3168853204172875
Atlanta United FC,2024,0.6079197530864198,0.4371642857142857,-0.17075546737213404
Austin FC,2018,0.44288653846153847,0.08652916666666666,-0.3563573717948718
Austin FC,2019,0.6476471428571428,0.23618571428571428,-0.4114614285714285
Austin FC,2020,0.4525882352941176,0.23166875,-0.22091948529411762
Austin FC,2021,0.5364734939759036,0.4773058823529412,-0.05916761162296241
Austin FC,2022,0.4643705882352941,0.41747666666666666,-0.04689392156862743
Austin FC,2023,0.49532054794520547,0.24388333333333334,-0.25143721461187213
Austin FC,2024,0.5300372549019607,0.45349999999999996,-0.07653725490196078
CF Montreal,2018,0.40609144736842107,0.43365,0.027558552631578914
CF Montreal,2019,0.538613888888889,0.49226666666666663,-0.04634722222222232
CF Montreal,2020,0.423794708994709,0.30399166666666666,-0.11980304232804234
CF Montreal,2021,0.4582393063583815,0.14618461538461539,-0.31205469097376615
CF Montreal,2022,0.4886862595419847,0.3648818181818182,-0.1238044413601665
CF Montreal,2023,0.4919209401709402,0.27595384615384616,-0.21596709401709402
CF Montreal,2024,0.5321445714285714,0.41852,-0.11362457142857141
Charlotte FC,2019,0.5961245614035088,0.5454399999999999,-0.050684561403508854
Charlotte FC,2020,0.647825,0.08017692307692308,-0.567648076923077
Charlotte FC,2021,0.5910511627906977,0.15195151515151517,-0.4390996476391825
Charlotte FC,2022,0.5625892857142857,0.3411820512820513,-0.22140723443223437
Charlotte FC,2023,0.4894263157894737,0.24675384615384616,-0.24267246963562755
Charlotte FC,2024,0.5888853658536586,0.19316451612903227,-0.3957208497246263
Chicago Fire FC,2018,0.4308038834951456,-0.26670952380952384,-0.6975134073046694
Chicago Fire FC,2019,0.2438882882882883,-0.02347105263157895,-0.26735934091986724
Chicago Fire FC,2020,0.34345833333333337,-0.19357,-0.5370283333333333
Chicago Fire FC,2021,0.366747191011236,-0.25205,-0.618797191011236
Chicago Fire FC,2022,0.374761797752809,-0.022953488372093014,-0.397715286124902
Chicago Fire FC,2023,0.33185873015873013,-0.11301333333333333,-0.44487206349206343
Chicago Fire FC,2024,0.4268230769230769,-0.2642,-0.691023076923077
Colorado Rapids,2018,0.4733490196078431,0.2846611111111111,-0.188687908496732
Colorado Rapids,2019,0.4427834951456311,0.33435675675675675,-0.10842673838887434
Colorado Rapids,2020,0.4695846153846154,0.23661219512195122,-0.23297242026266415
Colorado Rapids,2021,0.462545918367347,0.2186446808510638,-0.24390123751628318
Colorado Rapids,2022,0.43145603448275865,0.1740825,-0.2573735344827587
Colorado Rapids,2023,0.3911514851485149,0.20442325581395349,-0.1867282293345614
Colorado Rapids,2024,0.48928809523809524,0.397,-0.09228809523809522
Columbus Crew,2018,0.4340496855345912,0.33877027027027024,-0.09527941526432099
Columbus Crew,2019,0.5324901639344263,0.32677115384615385,-0.20571901008827242
Columbus Crew,2020,0.4982238095238095,0.32943272727272727,-0.16879108225108225
Columbus Crew,2021,0.48537586206896555,0.34943913043478264,-0.1359367316341829
Columbus Crew,2022,0.471275,0.3000625,-0.1712125
Columbus Crew,2023,0.5653644171779141,0.4331634920634921,-0.132200925114422
Columbus Crew,2024,0.5829152866242039,0.44830666666666663,-0.13460861995753726
D.C. United,2018,0.637285,0.6974419354838709,0.06015693548387091
D.C. United,2019,0.5618808333333334,0.5182,-0.04368083333333339
D.C. United,2020,0.5099797468354431,0.5318890909090909,0.021909344073647752
D.C. United,2021,0.47965411764705884,0.6603743589743589,0.18072024132730008
D.C. United,2022,0.49878370370370373,0.6319162790697674,0.1331325753660637
D.C. United,2023,0.3872372727272727,0.5895738095238096,0.20233653679653685
D.C. United,2024,0.6158229508196721,0.5887676470588236,-0.027055303760848526
FC Cincinnati,2018,0.407127027027027,0.295824,-0.11130302702702705
FC Cincinnati,2019,0.47957021276595746,0.19909749999999998,-0.2804727127659575
FC Cincinnati,2020,0.18875862068965518,0.17489545454545452,-0.013863166144200662
FC Cincinnati,2021,0.44018395061728394,0.3059977272727273,-0.13418622334455665
FC Cincinnati,2022,0.3950547368421053,0.2706176470588235,-0.12443708978328177
FC Cincinnati,2023,0.5449132450331127,0.3876928571428571,-0.15722038789025555
FC Cincinnati,2024,0.506415306122449,0.30952439024390244,-0.19689091587854657
FC Dallas,2018,0.495520987654321,0.20834687500000001,-0.287174112654321
FC Dallas,2019,0.46314067796610175,0.33673714285714285,-0.1264035351089589
FC Dallas,2020,0.5049759615384615,0.28866458333333334,-0.21631137820512814
FC Dallas,2021,0.5557076923076923,0.2589837837837838,-0.29672390852390856
FC Dallas,2022,0.5353983870967741,0.24895686274509804,-0.2864415243516761
FC Dallas,2023,0.4825361111111111,0.3463813953488372,-0.1361547157622739
FC Dallas,2024,0.47622461538461536,0.3347909090909091,-0.14143370629370627
Houston Dynamo FC,2018,0.5302138888888889,0.21347714285714287,-0.316736746031746
Houston Dynamo FC,2019,0.5074955056179775,0.2523638888888889,-0.25513161672908863
Houston Dynamo FC,2020,0.49858405797101446,0.3171888888888889,-0.18139516908212555
Houston Dynamo FC,2021,0.5157720930232558,0.24195799999999998,-0.27381409302325577
Houston Dynamo FC,2022,0.5265845360824742,0.28044905660377356,-0.24613547947870068
Houston Dynamo FC,2023,0.4545864,0.34448999999999996,-0.11009640000000004
Houston Dynamo FC,2024,0.5675597014925373,0.18184545454545456,-0.3857142469470828
Inter Miami CF,2018,0.19111920000000002,0.354884,0.16376479999999996
Inter Miami CF,2019,0.40179739130434783,0.3411020408163265,-0.06069535048802133
Inter Miami CF,2020,0.3950165467625899,0.285468,-0.1095485467625899
Inter Miami CF,2021,0.3727213235294118,0.1794418604651163,-0.1932794630642955
Inter Miami CF,2022,0.4245610576923077,0.08842702702702702,-0.33613403066528064
Inter Miami CF,2023,0.48819198966408267,0.12000140845070421,-0.36819058121337844
Inter Miami CF,2024,0.5556004,0.21155000000000002,-0.3440504
LA Galaxy,2018,0.5773320224719102,0.12530370370370372,-0.4520283187682065
LA Galaxy,2019,0.5815153846153847,0.283978125,-0.29753725961538463
LA Galaxy,2020,0.46922857142857144,0.11866285714285714,-0.3505657142857143
LA Galaxy,2021,0.44266634615384615,0.37951904761904764,-0.0631472985347985
LA Galaxy,2022,0.4967297752808989,0.30539354838709676,-0.19133622689380214
LA Galaxy,2023,0.552860248447205,0.20776382978723407,-0.345096418659971
LA Galaxy,2024,0.5761085106382979,0.2967139534883721,-0.27939455714992584
LAFC,2018,0.4589211678832117,0.3954212121212121,-0.06349995576199957
LAFC,2019,0.5347396226415094,0.29539565217391306,-0.23934397046759637
LAFC,2020,0.4746453237410072,0.3970370370370371,-0.07760828670397013
LAFC,2021,0.5257083333333333,0.39760975609756094,-0.1280985772357724
LAFC,2022,0.5514561946902654,0.39996000000000004,-0.15149619469026537
LAFC,2023,0.5231639004149378,0.3306483333333333,-0.19251556708160444
LAFC,2024,0.585665,0.3154636363636364,-0.2702013636363636
Minnesota United FC,2018,0.17353196721311476,0.3585357142857143,0.18500374707259953
Minnesota United FC,2019,0.3523379310344828,0.4624179487179488,0.11008001768346598
Minnesota United FC,2020,0.45142800000000005,0.419103125,-0.03232487500000003
Minnesota United FC,2021,0.44063913043478264,0.35704642857142854,-0.0835927018633541
Minnesota United FC,2022,0.5377919191919192,0.19985624999999999,-0.3379356691919192
Minnesota United FC,2023,0.5214791208791208,0.40678611111111107,-0.11469300976800978
Minnesota United FC,2024,0.6283442105263158,0.4111472222222222,-0.21719698830409362
Nashville SC,2018,0.5266466666666667,0.161112,-0.3655346666666667
Nashville SC,2019,0.5332511627906977,0.18810689655172413,-0.3451442662389736
Nashville SC,2020,0.4465730769230769,0.12606666666666666,-0.32050641025641025
Nashville SC,2021,0.6068285714285714,0.25433061224489795,-0.35249795918367344
Nashville SC,2022,0.5599894736842105,0.10348648648648649,-0.456502987197724
Nashville SC,2023,0.47746,0.22392600000000001,-0.253534
Nashville SC,2024,0.5625288888888889,0.43673333333333336,-0.1257955555555555
New England Revolution,2018,0.5345416666666667,0.10126249999999999,-0.4332791666666667
New England Revolution,2019,0.46723762376237626,0.12876,-0.3384776237623762
New England Revolution,2020,0.46476666666666666,0.12584102564102564,-0.33892564102564104
New England Revolution,2021,0.4373861788617886,0.2524232558139535,-0.18496292304783513
New England Revolution,2022,0.5235674242424242,0.4180242424242424,-0.10554318181818179
New England Revolution,2023,0.3755569343065694,0.33408461538461537,-0.04147231892195402
New England Revolution,2024,0.5754922222222222,0.10714347826086958,-0.4683487439613526
New York City FC,2018,0.4727380952380953,0.22991538461538463,-0.24282271062271066
New York City FC,2019,0.4893891089108911,0.31080232558139537,-0.17858678332949574
New York City FC,2020,0.6013417721518988,0.25821190476190475,-0.343129867389994
New York City FC,2021,0.5263,0.2119641509433962,-0.3143358490566038
New York City FC,2022,0.5029544871794871,0.3030422222222222,-0.19991226495726488
New York City FC,2023,0.4080175182481752,0.46659999999999996,0.05858248175182473
New York City FC,2024,0.5494069767441861,0.4183692307692308,-0.13103774597495532
New York Red Bulls,2018,0.516248031496063,0.171416,-0.344832031496063
New York Red Bulls,2019,0.5160168421052631,0.1260642857142857,-0.38995255639097737
New York Red Bulls,2020,0.45553,0.39354230769230764,-0.061987692307692355
New York Red Bulls,2021,0.43542190476190473,0.13833333333333334,-0.29708857142857137
New York Red Bulls,2022,0.4621677165354331,0.2628,-0.19936771653543311
New York Red Bulls,2023,0.4447117647058823,0.220735,-0.22397676470588232
New York Red Bulls,2024,0.5328169811320754,0.333995652173913,-0.1988213289581624
Orlando City SC,2018,0.48079411764705887,0.07127727272727272,-0.4095168449197861
Orlando City SC,2019,0.5234949152542373,0.26790250000000004,-0.25559241525423726
Orlando City SC,2020,0.4222321428571429,0.21298750000000002,-0.20924464285714287
Orlando City SC,2021,0.4668082278481013,0.10069310344827587,-0.3661151243998254
Orlando City SC,2022,0.5267841059602649,0.2267575,-0.3000266059602649
Orlando City SC,2023,0.5381485294117647,0.34527142857142856,-0.19287710084033616
Orlando City SC,2024,0.5793121495327103,0.3435236842105263,-0.23578846532218395
Philadelphia Union,2018,0.5743432432432432,0.24270434782608696,-0.3316388954171562
Philadelphia Union,2019,0.4517122641509434,0.15040357142857144,-0.30130869272237193
Philadelphia Union,2020,0.49023518518518516,0.34402926829268293,-0.14620591689250223
Philadelphia Union,2021,0.34563760000000004,0.4450857142857143,0.09944811428571426
Philadelphia Union,2022,0.47072488262910794,0.345404255319149,-0.12532062730995897
Philadelphia Union,2023,0.4903390532544379,0.3852058823529412,-0.10513317090149671
Philadelphia Union,2024,0.49054086956521736,0.371015625,-0.11952524456521735
Portland Timbers,2018,0.4871062992125984,0.4563846153846154,-0.030721683827983015
Portland Timbers,2019,0.3816978102189781,0.16210975609756098,-0.2195880541214171
Portland Timbers,2020,0.3602271028037383,0.23770851063829787,-0.12251859216544045
Portland Timbers,2021,0.24603796296296296,0.2805612244897959,0.034523261526832966
Portland Timbers,2022,0.3904371900826446,0.4010458333333333,0.01060864325068872
Portland Timbers,2023,0.4972973333333333,0.15738684210526316,-0.33991049122807016
Portland Timbers,2024,0.5568131147540984,0.3676666666666667,-0.18914644808743175
Real Salt Lake,2018,0.4844421052631579,0.23604,-0.2484021052631579
Real Salt Lake,2019,0.38347708333333336,0.2721166666666667,-0.11136041666666668
Real Salt Lake,2020,0.30060594059405943,0.11650212765957448,-0.18410381293448497
Real Salt Lake,2021,0.38947,0.1643913043478261,-0.2250786956521739
Real Salt Lake,2022,0.5027330097087379,0.25467551020408163,-0.24805749950465628
Real Salt Lake,2023,0.5306072289156626,0.24696097560975608,-0.28364625330590654
Real Salt Lake,2024,0.4937881578947369,0.2976,-0.19618815789473693
San Jose Earthquakes,2018,0.5856612903225806,0.45266153846153845,-0.13299975186104218
San Jose Earthquakes,2019,0.5110550724637681,0.19181212121212124,-0.3192429512516469
San Jose Earthquakes,2020,0.33086000000000004,0.22158048780487805,-0.109279512195122
San Jose Earthquakes,2021,0.47881126760563386,0.1469315789473684,-0.33187968865826545
San Jose Earthquakes,2022,0.4365969230769231,0.3133046511627907,-0.12329227191413239
San Jose Earthquakes,2023,0.4379194805194805,0.3696888888888889,-0.06823059163059159
San Jose Earthquakes,2024,0.41501379310344827,0.1448952380952381,-0.27011855500821014
Seattle Sounders FC,2018,0.5359405228758171,0.11525600000000001,-0.42068452287581704
Seattle Sounders FC,2019,0.4635985714285714,0.3658021276595744,-0.09779644376899699
Seattle Sounders FC,2020,0.44388731343283583,0.1760780487804878,-0.267809264652348
Seattle Sounders FC,2021,0.497138961038961,0.32124821428571426,-0.17589074675324673
Seattle Sounders FC,2022,0.5338426751592357,0.3845018867924528,-0.14934078836678288
Seattle Sounders FC,2023,0.46582598870056496,0.2965,-0.16932598870056498
Seattle Sounders FC,2024,0.544162,0.23502352941176471,-0.3091384705882353
Sporting Kansas City,2018,0.48972278481012654,0.26366,-0.22606278481012654
Sporting Kansas City,2019,0.5915739130434783,0.40031111111111106,-0.19126280193236722
Sporting Kansas City,2020,0.5187661764705882,0.31193529411764703,-0.20683088235294117
Sporting Kansas City,2021,0.35811728395061726,0.23197872340425532,-0.12613856054636194
Sporting Kansas City,2022,0.4604536842105263,0.2897581395348837,-0.17069554467564257
Sporting Kansas City,2023,0.5057433333333333,0.27492564102564104,-0.23081769230769228
Sporting Kansas City,2024,0.5175339999999999,0.28429444444444446,-0.23323955555555548
St. Louis City SC,2020,0.0,0.6206111111111111,0.6206111111111111
St. Louis City SC,2021,0.7153333333333333,0.21413428571428572,-0.5011990476190475
St. Louis City SC,2022,0.3733583333333333,0.3701391304347826,-0.0032192028985507104
St. Louis City SC,2023,0.5323565789473684,0.4409133333333333,-0.0914432456140351
St. Louis City SC,2024,0.5998966666666666,0.2590733333333333,-0.3408233333333333
Toronto FC,2018,0.5368548148148148,0.12135937499999999,-0.4154954398148148
Toronto FC,2019,0.498787898089172,0.2696195121951219,-0.2291683858940501
Toronto FC,2020,0.47198496732026146,0.2576816326530612,-0.21430333466720025
Toronto FC,2021,0.38571048387096774,0.1217195652173913,-0.26399091865357643
Toronto FC,2022,0.5002068027210884,0.37393962264150943,-0.126267180079579
Toronto FC,2023,0.439012101910828,0.2313767441860465,-0.2076353577247815
Toronto FC,2024,0.55009140625,0.28211818181818177,-0.2679732244318182
Vancouver Whitecaps FC,2018,0.449473275862069,0.16733529411764705,-0.28213798174442195
Vancouver Whitecaps FC,2019,0.4951122807017544,0.018700000000000005,-0.4764122807017544
Vancouver Whitecaps FC,2020,0.4755922480620155,0.20044878048780485,-0.27514346757421065
Vancouver Whitecaps FC,2021,0.36395333333333335,0.2995745098039216,-0.06437882352941177
Vancouver Whitecaps FC,2022,0.44655631067961166,0.340875,-0.10568131067961167
Vancouver Whitecaps FC,2023,0.4559427272727273,0.2021408163265306,-0.25380191094619664
Vancouver Whitecaps FC,2024,0.4323172413793104,0.013555263157894742,-0.41876197822141564
